"Permutation","Count"
"BSLightingShaderProperty|Default|SPF1=2151677952|SPF2=ZBuffer_Write","21145"
"BSLightingShaderProperty|Default|SPF1=2151678465|SPF2=ZBuffer_Write","11553"
"BSLightingShaderProperty|EnvironmentMap|SPF1=2151678593|SPF2=ZBuffer_Write","8982"
"BSLightingShaderProperty|Default|SPF1=2151678465|SPF2=33","4321"
"BSLightingShaderProperty|Default|SPF1=2151677952|SPF2=33","4203"
"BSLightingShaderProperty|Default|SPF1=2151678465|SPF2=129","3643"
"BSLightingShaderProperty|Default|SPF1=2151678465|SPF2=161","2374"
"BSLightingShaderProperty|Default|SPF1=2151677960|SPF2=33","2124"
"BSEffectShaderProperty|Default|SPF1=ZBuffer_Test|SPF2=ZBuffer_Write","1973"
"BSLightingShaderProperty|EnvironmentMap|SPF1=2151678593|SPF2=33","1884"
"BSLightingShaderProperty|EnvironmentMap|SPF1=2151678593|SPF2=129","1829"
"BSEffectShaderProperty|Default|SPF1=ZBuffer_Test|SPF2=0","1499"
"BSLightingShaderProperty|Default|SPF1=2151678465|SPF2=17","1431"
"BSLightingShaderProperty|Default|SPF1=2151678467|SPF2=129","1366"
"BSEffectShaderProperty|Default|SPF1=2348810240|SPF2=ZBuffer_Write","1309"
"BSLightingShaderProperty|SkinTint|SPF1=2153775619|SPF2=129","1205"
"BSEffectShaderProperty|Default|SPF1=ZBuffer_Test|SPF2=33","1125"
"BSLightingShaderProperty|GlowShader|SPF1=2151678467|SPF2=241","1088"
"BSLightingShaderProperty|FaceTint|SPF1=2151679491|SPF2=129","1076"
"BSEffectShaderProperty|Default|SPF1=2885681154|SPF2=1073741984","1046"
"BSLightingShaderProperty|Default|SPF1=2151678464|SPF2=ZBuffer_Write","1040"
"BSLightingShaderProperty|Default|SPF1=2353004546|SPF2=4194449","996"
"BSEffectShaderProperty|Default|SPF1=3221225506|SPF2=Transform_Changed","949"
"BSLightingShaderProperty|EnvironmentMap|SPF1=2151678595|SPF2=129","823"
"BSLightingShaderProperty|Default|SPF1=2151678473|SPF2=161","793"
"BSLightingShaderProperty|EnvironmentMap|SPF1=2151678609|SPF2=161","739"
"BSLightingShaderProperty|GlowShader|SPF1=2151940627|SPF2=240","699"
"BSLightingShaderProperty|EnvironmentMap|SPF1=2151678595|SPF2=161","685"
"BSLightingShaderProperty|HairTint|SPF1=2353266707|SPF2=2097312","627"
"BSLightingShaderProperty|EnvironmentMap|SPF1=205521035|SPF2=161","621"
"BSLightingShaderProperty|Default|SPF1=2151678465|SPF2=49","590"
"BSLightingShaderProperty|Default|SPF1=2151678465|SPF2=536870961","564"
"BSLightingShaderProperty|Default|SPF1=2353004553|SPF2=169","532"
"BSLightingShaderProperty|Default|SPF1=2151677960|SPF2=ZBuffer_Write","485"
"BSLightingShaderProperty|HairTint|SPF1=2353266707|SPF2=2097313","483"
"BSLightingShaderProperty|EnvironmentMap|SPF1=2151678593|SPF2=17","451"
"BSLightingShaderProperty|Default|SPF1=2151677961|SPF2=161","443"
"BSLightingShaderProperty|Default|SPF1=2151677953|SPF2=161","438"
"BSLightingShaderProperty|Default|SPF1=2353004553|SPF2=41","417"
"BSLightingShaderProperty|EnvironmentMap|SPF1=2353005185|SPF2=9","399"
"BSLightingShaderProperty|GlowShader|SPF1=2151678465|SPF2=65","381"
"BSLightingShaderProperty|EnvironmentMap|SPF1=205521027|SPF2=161","376"
"BSLightingShaderProperty|Default|SPF1=2151678467|SPF2=ZBuffer_Write","369"
"BSLightingShaderProperty|Default|SPF1=2151678465|SPF2=145","362"
"BSEffectShaderProperty|Default|SPF1=ZBuffer_Test|SPF2=Vertex_Colors","344"
"BSLightingShaderProperty|Default|SPF1=2151678720|SPF2=33","342"
"BSLightingShaderProperty|EnvironmentMap|SPF1=2151678595|SPF2=ZBuffer_Write","330"
"BSLightingShaderProperty|Default|SPF1=2353005057|SPF2=ZBuffer_Write","329"
"BSLightingShaderProperty|Default|SPF1=2151678481|SPF2=ZBuffer_Write","315"
"BSLightingShaderProperty|Default|SPF1=2353005065|SPF2=41","306"
"BSLightingShaderProperty|EnvironmentMap|SPF1=2151678593|SPF2=177","305"
"BSLightingShaderProperty|Default|SPF1=2151678721|SPF2=ZBuffer_Write","276"
"BSLightingShaderProperty|Default|SPF1=2151678473|SPF2=33","275"
"BSLightingShaderProperty|Default|SPF1=2151678467|SPF2=536870961","268"
"BSLightingShaderProperty|EnvironmentMap|SPF1=2151678609|SPF2=ZBuffer_Write","267"
"BSLightingShaderProperty|Default|SPF1=2151677953|SPF2=129","240"
"BSLightingShaderProperty|Default|SPF1=2151678721|SPF2=33","239"
"BSLightingShaderProperty|Default|SPF1=2353004553|SPF2=134217897","228"
"BSEffectShaderProperty|Default|SPF1=3758096432|SPF2=1073741856","212"
"BSLightingShaderProperty|EnvironmentMap|SPF1=2353005185|SPF2=137","204"
"BSLightingShaderProperty|EnvironmentMap|SPF1=2151678593|SPF2=161","203"
"BSLightingShaderProperty|Default|SPF1=2151678464|SPF2=17","202"
"BSEffectShaderProperty|Default|SPF1=3758096384|SPF2=1073741856","199"
"BSLightingShaderProperty|Default|SPF1=2353005057|SPF2=33","196"
"BSLightingShaderProperty|Default|SPF1=2353004571|SPF2=160","190"
"BSEffectShaderProperty|Default|SPF1=3758096400|SPF2=1073741856","181"
"BSEffectShaderProperty|Default|SPF1=3758096448|SPF2=1073741872","179"
"BSLightingShaderProperty|Default|SPF1=2151678720|SPF2=ZBuffer_Write","177"
"BSEffectShaderProperty|Default|SPF1=2147483656|SPF2=33","177"
"BSLightingShaderProperty|Default|SPF1=2151678481|SPF2=161","176"
"BSLightingShaderProperty|Default|SPF1=2353004563|SPF2=2097312","175"
"BSLightingShaderProperty|EnvironmentMap|SPF1=2151678595|SPF2=145","171"
"BSLightingShaderProperty|Default|SPF1=2353005065|SPF2=33","167"
"BSEffectShaderProperty|Default|SPF1=ZBuffer_Test|SPF2=17","166"
"BSLightingShaderProperty|Default|SPF1=2151678483|SPF2=2097329","165"
"BSLightingShaderProperty|Default|SPF1=2151678467|SPF2=145","162"
"BSLightingShaderProperty|EnvironmentMap|SPF1=2353005185|SPF2=0","161"
"BSLightingShaderProperty|Default|SPF1=2353005057|SPF2=41","156"
"BSLightingShaderProperty|Default|SPF1=2353005057|SPF2=9","155"
"BSLightingShaderProperty|Default|SPF1=2353005056|SPF2=ZBuffer_Write","152"
"BSEffectShaderProperty|Default|SPF1=3758096488|SPF2=1073741856","148"
"BSLightingShaderProperty|Default|SPF1=2353004545|SPF2=9","141"
"BSLightingShaderProperty|Default|SPF1=2353004545|SPF2=41","135"
"BSLightingShaderProperty|Default|SPF1=2353004545|SPF2=169","129"
"BSEffectShaderProperty|Default|SPF1=ZBuffer_Test|SPF2=48","128"
"BSLightingShaderProperty|Default|SPF1=2353004563|SPF2=2097184","126"
"BSLightingShaderProperty|EnvironmentMap|SPF1=2151678609|SPF2=17","124"
"BSLightingShaderProperty|Default|SPF1=2151677971|SPF2=177","120"
"BSEffectShaderProperty|Default|SPF1=2147483712|SPF2=Vertex_Colors","117"
"BSEffectShaderProperty|Default|SPF1=2147483664|SPF2=33","111"
"BSLightingShaderProperty|Default|SPF1=2151678465|SPF2=177","109"
"BSEffectShaderProperty|Default|SPF1=2684354560|SPF2=1073741856","109"
"BSLightingShaderProperty|SkinTint|SPF1=2153775619|SPF2=ZBuffer_Write","107"
"BSEffectShaderProperty|Default|SPF1=2684354688|SPF2=1073741840","106"
"BSLightingShaderProperty|Default|SPF1=2151678464|SPF2=33","104"
"BSLightingShaderProperty|Default|SPF1=2353004545|SPF2=129","103"
"BSEffectShaderProperty|Default|SPF1=3221225520|SPF2=Vertex_Colors","103"
"BSLightingShaderProperty|Default|SPF1=2151678473|SPF2=49","102"
"BSLightingShaderProperty|HairTint|SPF1=2151678481|SPF2=ZBuffer_Write","101"
"BSLightingShaderProperty|Default|SPF1=2151678483|SPF2=48","101"
"BSLightingShaderProperty|Default|SPF1=2353004563|SPF2=160","100"
"BSEffectShaderProperty|Default|SPF1=3221225472|SPF2=Vertex_Colors","96"
"BSLightingShaderProperty|EnvironmentMap|SPF1=2151678601|SPF2=33","93"
"BSEffectShaderProperty|Default|SPF1=ZBuffer_Test|SPF2=49","93"
"BSLightingShaderProperty|Default|SPF1=2151678467|SPF2=17","92"
"BSLightingShaderProperty|Default|SPF1=2353005057|SPF2=129","92"
"BSEffectShaderProperty|Default|SPF1=3758096456|SPF2=1073741872","91"
"BSLightingShaderProperty|Default|SPF1=2151678473|SPF2=ZBuffer_Write","88"
"BSLightingShaderProperty|Default|SPF1=2151678465|SPF2=67108897","85"
"BSLightingShaderProperty|Default|SPF1=2353004563|SPF2=2097185","84"
"BSLightingShaderProperty|GlowShader|SPF1=2151678465|SPF2=97","83"
"BSEffectShaderProperty|Default|SPF1=2684354608|SPF2=1073741856","82"
"BSLightingShaderProperty|HairTint|SPF1=2353266691|SPF2=2097313","81"
"BSLightingShaderProperty|Default|SPF1=2353004563|SPF2=Transform_Changed","80"
"BSLightingShaderProperty|Default|SPF1=2151677953|SPF2=33","80"
"BSLightingShaderProperty|EnvironmentMap|SPF1=2151678595|SPF2=33","79"
"BSLightingShaderProperty|Default|SPF1=2152202753|SPF2=ZBuffer_Write","79"
"BSLightingShaderProperty|Default|SPF1=2151678465|SPF2=536871089","77"
"BSEffectShaderProperty|Default|SPF1=2348810240|SPF2=33","77"
"BSEffectShaderProperty|Default|SPF1=2348810272|SPF2=40","77"
"BSLightingShaderProperty|EnvironmentMap|SPF1=2151678849|SPF2=ZBuffer_Write","76"
"BSLightingShaderProperty|Default|SPF1=2353004553|SPF2=134217761","75"
"BSLightingShaderProperty|EnvironmentMap|SPF1=2151678593|SPF2=49","75"
"BSEffectShaderProperty|Default|SPF1=2684354608|SPF2=1073741872","75"
"BSLightingShaderProperty|EnvironmentMap|SPF1=2353005185|SPF2=169","73"
"BSLightingShaderProperty|Default|SPF1=2353004544|SPF2=9","72"
"BSLightingShaderProperty|Default|SPF1=2353004544|SPF2=41","70"
"BSLightingShaderProperty|EnvironmentMap|SPF1=2151678609|SPF2=33","70"
"BSLightingShaderProperty|FaceTint|SPF1=2151679491|SPF2=33","69"
"BSLightingShaderProperty|Default|SPF1=2151678467|SPF2=161","67"
"BSEffectShaderProperty|Default|SPF1=2684354560|SPF2=1073741840","66"
"BSEffectShaderProperty|Default|SPF1=3221225488|SPF2=Double_Sided","64"
"BSEffectShaderProperty|Default|SPF1=2684354752|SPF2=1073741840","64"
"BSLightingShaderProperty|Default|SPF1=2151678728|SPF2=33","63"
"BSLightingShaderProperty|Default|SPF1=2151678464|SPF2=145","63"
"BSEffectShaderProperty|Default|SPF1=3758096464|SPF2=1073741872","61"
"BSLightingShaderProperty|EnvironmentMap|SPF1=2151678593|SPF2=145","61"
"BSEffectShaderProperty|Default|SPF1=3221225536|SPF2=48","60"
"BSLightingShaderProperty|Default|SPF1=2151678467|SPF2=33","58"
"BSEffectShaderProperty|Default|SPF1=2147483664|SPF2=Vertex_Colors","58"
"BSLightingShaderProperty|Default|SPF1=2353004563|SPF2=2097313","57"
"BSEffectShaderProperty|Default|SPF1=2684354576|SPF2=1073741856","56"
"BSEffectShaderProperty|Default|SPF1=2684354736|SPF2=1073741872","55"
"BSLightingShaderProperty|EnvironmentMap|SPF1=2151678081|SPF2=ZBuffer_Write","54"
"BSLightingShaderProperty|FaceTint|SPF1=2151679491|SPF2=ZBuffer_Write","54"
"BSLightingShaderProperty|Default|SPF1=2353005065|SPF2=67108905","53"
"BSEffectShaderProperty|Default|SPF1=3221225488|SPF2=Vertex_Colors","53"
"BSLightingShaderProperty|EnvironmentMap|SPF1=2151678849|SPF2=33","52"
"BSEffectShaderProperty|Default|SPF1=2684354752|SPF2=Effect_Lighting","51"
"BSEffectShaderProperty|Default|SPF1=3221225504|SPF2=Vertex_Colors","51"
"BSLightingShaderProperty|Default|SPF1=2151678473|SPF2=177","50"
"BSLightingShaderProperty|Default|SPF1=2151682571|SPF2=100663329","49"
"BSLightingShaderProperty|Default|SPF1=2151678465|SPF2=67108881","49"
"BSLightingShaderProperty|Default|SPF1=2151677953|SPF2=ZBuffer_Write","49"
"BSLightingShaderProperty|HairTint|SPF1=2353266707|SPF2=2097280","49"
"BSLightingShaderProperty|Default|SPF1=2353004545|SPF2=ZBuffer_Write","49"
"BSLightingShaderProperty|Default|SPF1=2353004545|SPF2=161","48"
"BSEffectShaderProperty|Default|SPF1=2684354752|SPF2=1073741872","47"
"BSLightingShaderProperty|Default|SPF1=2353005057|SPF2=57","47"
"BSEffectShaderProperty|Default|SPF1=2147483776|SPF2=33","46"
"BSLightingShaderProperty|Default|SPF1=2151678467|SPF2=49","45"
"BSLightingShaderProperty|EnvironmentMap|SPF1=2151678593|SPF2=67108897","44"
"BSLightingShaderProperty|EnvironmentMap|SPF1=2151678595|SPF2=17","44"
"BSLightingShaderProperty|EnvironmentMap|SPF1=2151678081|SPF2=33","44"
"BSLightingShaderProperty|Default|SPF1=2151678473|SPF2=536870961","43"
"BSEffectShaderProperty|Default|SPF1=2147483776|SPF2=Vertex_Colors","43"
"BSEffectShaderProperty|Default|SPF1=2684354688|SPF2=1073741856","43"
"BSLightingShaderProperty|GlowShader|SPF1=2151678467|SPF2=193","43"
"BSLightingShaderProperty|Default|SPF1=2353005065|SPF2=169","42"
"BSEffectShaderProperty|Default|SPF1=2147483664|SPF2=48","41"
"BSLightingShaderProperty|Default|SPF1=2151678464|SPF2=129","41"
"BSLightingShaderProperty|Default|SPF1=2353004545|SPF2=33","41"
"BSEffectShaderProperty|Default|SPF1=3758096416|SPF2=1073741856","41"
"BSLightingShaderProperty|Default|SPF1=2353005056|SPF2=33","41"
"BSLightingShaderProperty|EnvironmentMap|SPF1=2151678609|SPF2=49","40"
"BSLightingShaderProperty|Default|SPF1=2151678481|SPF2=33","39"
"BSLightingShaderProperty|Default|SPF1=2151678465|SPF2=9","39"
"BSEffectShaderProperty|Default|SPF1=2147483840|SPF2=Vertex_Colors","39"
"BSLightingShaderProperty|Default|SPF1=2353005057|SPF2=137","39"
"BSLightingShaderProperty|Default|SPF1=2151677971|SPF2=49","38"
"BSLightingShaderProperty|Default|SPF1=2353004553|SPF2=134217769","38"
"BSLightingShaderProperty|Default|SPF1=2353004563|SPF2=Vertex_Colors","38"
"BSLightingShaderProperty|EnvironmentMap|SPF1=2151678601|SPF2=177","38"
"BSLightingShaderProperty|Default|SPF1=2353005057|SPF2=169","37"
"BSLightingShaderProperty|EnvironmentMap|SPF1=2151678611|SPF2=129","37"
"BSLightingShaderProperty|GlowShader|SPF1=2151678465|SPF2=113","37"
"BSEffectShaderProperty|Default|SPF1=2684354624|SPF2=1073741872","37"
"BSLightingShaderProperty|EnvironmentMap|SPF1=2353005185|SPF2=41","37"
"BSEffectShaderProperty|Default|SPF1=2684354560|SPF2=Effect_Lighting","36"
"BSLightingShaderProperty|Default|SPF1=2353004571|SPF2=Vertex_Colors","36"
"BSEffectShaderProperty|Default|SPF1=3221225552|SPF2=48","35"
"BSLightingShaderProperty|EnvironmentMap|SPF1=2151678611|SPF2=17","35"
"BSLightingShaderProperty|Default|SPF1=2151678465|SPF2=67108865","35"
"BSLightingShaderProperty|EnvironmentMap|SPF1=2151678611|SPF2=33","35"
"BSEffectShaderProperty|Default|SPF1=3221225584|SPF2=Vertex_Colors","35"
"BSEffectShaderProperty|Default|SPF1=ZBuffer_Test|SPF2=Double_Sided","34"
"BSEffectShaderProperty|Default|SPF1=2147483656|SPF2=Vertex_Colors","34"
"BSLightingShaderProperty|Default|SPF1=2151678467|SPF2=177","33"
"BSLightingShaderProperty|GlowShader|SPF1=2151678465|SPF2=81","33"
"BSLightingShaderProperty|Default|SPF1=2353005056|SPF2=41","33"
"BSLightingShaderProperty|Default|SPF1=2151678483|SPF2=2097201","32"
"BSLightingShaderProperty|EnvironmentMap|SPF1=2353005185|SPF2=145","32"
"BSEffectShaderProperty|Default|SPF1=2147483712|SPF2=ZBuffer_Write","32"
"BSLightingShaderProperty|Default|SPF1=2353005065|SPF2=49","32"
"BSLightingShaderProperty|EnvironmentMap|SPF1=2353005185|SPF2=Vertex_Colors","32"
"BSLightingShaderProperty|GlowShader|SPF1=2688549385|SPF2=113","32"
"BSEffectShaderProperty|Default|SPF1=2684354560|SPF2=1073741872","31"
"BSLightingShaderProperty|Default|SPF1=2353004553|SPF2=33","31"
"BSEffectShaderProperty|Default|SPF1=2684354592|SPF2=1073741856","31"
"BSLightingShaderProperty|Default|SPF1=2151678729|SPF2=33","30"
"BSLightingShaderProperty|GlowShader|SPF1=2151940627|SPF2=208","30"
"BSLightingShaderProperty|Default|SPF1=2152202753|SPF2=536870961","29"
"BSEffectShaderProperty|Default|SPF1=2348810272|SPF2=168","29"
"BSLightingShaderProperty|Default|SPF1=2353005057|SPF2=177","26"
"BSEffectShaderProperty|Default|SPF1=2147549184|SPF2=Vertex_Colors","26"
"BSLightingShaderProperty|EnvironmentMap|SPF1=2353005185|SPF2=ZBuffer_Write","26"
"BSEffectShaderProperty|Default|SPF1=2147483840|SPF2=ZBuffer_Write","25"
"BSLightingShaderProperty|EnvironmentMap|SPF1=2151678595|SPF2=177","25"
"BSEffectShaderProperty|Default|SPF1=2147483696|SPF2=48","25"
"BSEffectShaderProperty|Default|SPF1=2147483840|SPF2=33","25"
"BSLightingShaderProperty|Default|SPF1=2353005312|SPF2=41","24"
"BSEffectShaderProperty|Default|SPF1=3758096456|SPF2=1073741856","24"
"BSLightingShaderProperty|Default|SPF1=2353004547|SPF2=57","24"
"BSEffectShaderProperty|Default|SPF1=3758096448|SPF2=1073741856","24"
"BSEffectShaderProperty|Default|SPF1=3758096472|SPF2=1073741872","24"
"BSLightingShaderProperty|SkinTint|SPF1=2153775617|SPF2=33","24"
"BSLightingShaderProperty|Default|SPF1=2152202753|SPF2=17","24"
"BSLightingShaderProperty|GlowShader|SPF1=2889875968|SPF2=120","22"
"BSLightingShaderProperty|FaceTint|SPF1=2151679489|SPF2=ZBuffer_Write","22"
"BSEffectShaderProperty|Default|SPF1=2684354688|SPF2=1073741872","22"
"BSLightingShaderProperty|EnvironmentMap|SPF1=2353004673|SPF2=9","22"
"BSEffectShaderProperty|Default|SPF1=2147483728|SPF2=48","21"
"BSLightingShaderProperty|Default|SPF1=2688549377|SPF2=ZBuffer_Write","21"
"BSLightingShaderProperty|GlowShader|SPF1=2151678465|SPF2=225","21"
"BSLightingShaderProperty|GlowShader|SPF1=2688549377|SPF2=65","21"
"BSLightingShaderProperty|EnvironmentMap|SPF1=2151678593|SPF2=67108865","20"
"BSLightingShaderProperty|Default|SPF1=2151677960|SPF2=161","20"
"BSLightingShaderProperty|Default|SPF1=2353005065|SPF2=57","20"
"BSLightingShaderProperty|Default|SPF1=2353005056|SPF2=9","20"
"BSLightingShaderProperty|EnvironmentMap|SPF1=2152202881|SPF2=ZBuffer_Write","20"
"BSEffectShaderProperty|Default|SPF1=2147483696|SPF2=Vertex_Colors","20"
"BSEffectShaderProperty|Default|SPF1=3758096464|SPF2=1073741856","19"
"BSEffectShaderProperty|Default|SPF1=2684354624|SPF2=1073741856","19"
"BSLightingShaderProperty|Default|SPF1=2151678464|SPF2=536870961","19"
"BSLightingShaderProperty|Default|SPF1=2151677954|SPF2=ZBuffer_Write","19"
"BSLightingShaderProperty|Default|SPF1=2151678465|SPF2=25","19"
"BSLightingShaderProperty|EnvironmentMap|SPF1=2353005185|SPF2=129","19"
"BSLightingShaderProperty|HairTint|SPF1=2151678489|SPF2=ZBuffer_Write","19"
"BSLightingShaderProperty|EnvironmentMap|SPF1=2151678593|SPF2=2097153","19"
"BSEffectShaderProperty|Default|SPF1=2147483712|SPF2=48","18"
"BSLightingShaderProperty|Default|SPF1=2151678472|SPF2=33","18"
"BSLightingShaderProperty|Default|SPF1=2151677961|SPF2=33","18"
"BSLightingShaderProperty|Default|SPF1=2151678465|SPF2=67108913","18"
"BSLightingShaderProperty|Default|SPF1=2353005057|SPF2=67108905","18"
"BSLightingShaderProperty|Default|SPF1=2151678720|SPF2=41","17"
"BSLightingShaderProperty|Default|SPF1=2151776769|SPF2=33","17"
"BSLightingShaderProperty|Default|SPF1=2151711233|SPF2=33","17"
"BSEffectShaderProperty|Default|SPF1=2147483840|SPF2=0","17"
"BSEffectShaderProperty|Default|SPF1=2147483760|SPF2=48","16"
"BSEffectShaderProperty|Default|SPF1=2684354688|SPF2=Effect_Lighting","16"
"BSLightingShaderProperty|Default|SPF1=2151678464|SPF2=49","16"
"BSEffectShaderProperty|Default|SPF1=2147483776|SPF2=0","16"
"BSEffectShaderProperty|Default|SPF1=3758096496|SPF2=1073741872","16"
"BSLightingShaderProperty|Default|SPF1=2151678472|SPF2=17","16"
"BSLightingShaderProperty|EnvironmentMap|SPF1=2353004673|SPF2=41","16"
"BSLightingShaderProperty|EnvironmentMap|SPF1=2151678849|SPF2=67108865","15"
"BSLightingShaderProperty|GlowShader|SPF1=2151678465|SPF2=193","15"
"BSEffectShaderProperty|Default|SPF1=3221225496|SPF2=Vertex_Colors","15"
"BSLightingShaderProperty|Default|SPF1=2151678473|SPF2=129","15"
"BSLightingShaderProperty|EnvironmentMap|SPF1=2151678592|SPF2=ZBuffer_Write","15"
"BSLightingShaderProperty|Default|SPF1=2353005057|SPF2=161","15"
"BSEffectShaderProperty|Default|SPF1=2147483720|SPF2=Vertex_Colors","15"
"BSEffectShaderProperty|Default|SPF1=3221225472|SPF2=48","15"
"BSLightingShaderProperty|GlowShader|SPF1=2151678473|SPF2=113","15"
"BSEffectShaderProperty|Default|SPF1=3221225488|SPF2=48","15"
"BSLightingShaderProperty|Default|SPF1=2353005059|SPF2=ZBuffer_Write","14"
"BSLightingShaderProperty|EnvironmentMap|SPF1=2151678601|SPF2=49","14"
"BSEffectShaderProperty|Default|SPF1=2684354736|SPF2=1073741856","14"
"BSLightingShaderProperty|Default|SPF1=2353005065|SPF2=161","14"
"BSLightingShaderProperty|HairTint|SPF1=2353266715|SPF2=2097312","14"
"BSLightingShaderProperty|Default|SPF1=2151678483|SPF2=Double_Sided","14"
"BSLightingShaderProperty|HairTint|SPF1=2151678481|SPF2=33","14"
"BSEffectShaderProperty|Default|SPF1=3221225536|SPF2=Vertex_Colors","13"
"BSLightingShaderProperty|EnvironmentMap|SPF1=2151678611|SPF2=49","13"
"BSLightingShaderProperty|EnvironmentMap|SPF1=2151678593|SPF2=153","13"
"BSLightingShaderProperty|Default|SPF1=2151678465|SPF2=536870945","13"
"BSEffectShaderProperty|Default|SPF1=2885681160|SPF2=1073741872","13"
"BSLightingShaderProperty|Default|SPF1=2353005056|SPF2=137","13"
"BSLightingShaderProperty|GlowShader|SPF1=2688548864|SPF2=65","13"
"BSLightingShaderProperty|EnvironmentMap|SPF1=2151678083|SPF2=129","13"
"BSLightingShaderProperty|EnvironmentMap|SPF1=2151678081|SPF2=169","13"
"BSEffectShaderProperty|Default|SPF1=3758096472|SPF2=1073741856","13"
"BSEffectShaderProperty|Default|SPF1=2147483784|SPF2=33","13"
"BSEffectShaderProperty|Default|SPF1=3221225472|SPF2=0","12"
"BSEffectShaderProperty|Default|SPF1=2147483784|SPF2=Vertex_Colors","12"
"BSEffectShaderProperty|Default|SPF1=2684354752|SPF2=1073742000","12"
"BSLightingShaderProperty|Default|SPF1=2353005312|SPF2=9","12"
"BSEffectShaderProperty|Default|SPF1=2684354696|SPF2=1073741857","12"
"BSEffectShaderProperty|Default|SPF1=2684354560|SPF2=1073741864","12"
"BSEffectShaderProperty|Default|SPF1=2147483672|SPF2=Vertex_Colors","12"
"BSLightingShaderProperty|Default|SPF1=2152202753|SPF2=33554433","11"
"BSEffectShaderProperty|Default|SPF1=2348810240|SPF2=48","11"
"BSEffectShaderProperty|Default|SPF1=3221225544|SPF2=48","11"
"BSLightingShaderProperty|Default|SPF1=2353005056|SPF2=129","11"
"BSEffectShaderProperty|Default|SPF1=2147483656|SPF2=48","11"
"BSLightingShaderProperty|Default|SPF1=2353005058|SPF2=9","11"
"BSEffectShaderProperty|Default|SPF1=3758096512|SPF2=1073741856","11"
"BSLightingShaderProperty|EnvironmentMap|SPF1=2353004673|SPF2=ZBuffer_Write","11"
"BSEffectShaderProperty|Default|SPF1=3758096504|SPF2=1073741872","11"
"BSEffectShaderProperty|Default|SPF1=2684354624|SPF2=Effect_Lighting","11"
"BSEffectShaderProperty|Default|SPF1=2684354626|SPF2=1073742000","11"
"BSEffectShaderProperty|Default|SPF1=3221225488|SPF2=0","11"
"BSLightingShaderProperty|Default|SPF1=2353005320|SPF2=41","11"
"BSEffectShaderProperty|Default|SPF1=2684354690|SPF2=1073741952","11"
"BSEffectShaderProperty|Default|SPF1=2147483762|SPF2=33","10"
"BSEffectShaderProperty|Default|SPF1=2147483696|SPF2=0","10"
"BSLightingShaderProperty|Default|SPF1=2151678483|SPF2=177","10"
"BSEffectShaderProperty|Default|SPF1=2684354624|SPF2=1073741840","10"
"BSEffectShaderProperty|Default|SPF1=3221225552|SPF2=Vertex_Colors","10"
"BSLightingShaderProperty|EnvironmentMap|SPF1=2151678595|SPF2=49","10"
"BSEffectShaderProperty|Default|SPF1=2684354578|SPF2=1073741984","10"
"BSEffectShaderProperty|Default|SPF1=2684354720|SPF2=1073741872","10"
"BSEffectShaderProperty|Default|SPF1=3221225568|SPF2=48","10"
"BSLightingShaderProperty|Default|SPF1=2151776257|SPF2=33","10"
"BSEffectShaderProperty|Default|SPF1=3758096392|SPF2=1073741856","10"
"BSLightingShaderProperty|Default|SPF1=2151776257|SPF2=41","10"
"BSEffectShaderProperty|Default|SPF1=2684354562|SPF2=1073741825","10"
"BSLightingShaderProperty|EnvironmentMap|SPF1=2151678611|SPF2=ZBuffer_Write","10"
"BSEffectShaderProperty|Default|SPF1=2684354672|SPF2=1073741872","10"
"BSEffectShaderProperty|Default|SPF1=2147483664|SPF2=40","10"
"BSEffectShaderProperty|Default|SPF1=2147483650|SPF2=Double_Sided","10"
"BSLightingShaderProperty|Default|SPF1=2151776257|SPF2=Vertex_Colors","9"
"BSLightingShaderProperty|Default|SPF1=2353004552|SPF2=41","9"
"BSLightingShaderProperty|Default|SPF1=2151710720|SPF2=48","9"
"BSLightingShaderProperty|GlowShader|SPF1=2151677954|SPF2=193","9"
"BSLightingShaderProperty|EnvironmentMap|SPF1=2151678601|SPF2=129","9"
"BSLightingShaderProperty|EnvironmentMap|SPF1=2688549505|SPF2=ZBuffer_Write","9"
"BSLightingShaderProperty|Default|SPF1=2151677971|SPF2=145","9"
"BSLightingShaderProperty|EnvironmentMap|SPF1=2151678617|SPF2=161","9"
"BSLightingShaderProperty|Default|SPF1=2151678475|SPF2=49","9"
"BSEffectShaderProperty|Default|SPF1=2885681154|SPF2=1073741856","9"
"BSLightingShaderProperty|Default|SPF1=2353005065|SPF2=134217769","9"
"BSLightingShaderProperty|EnvironmentMap|SPF1=2353005185|SPF2=17","9"
"BSLightingShaderProperty|EnvironmentMap|SPF1=2353004674|SPF2=17","9"
"BSEffectShaderProperty|Default|SPF1=2147483848|SPF2=Vertex_Colors","9"
"BSEffectShaderProperty|Default|SPF1=3758096432|SPF2=1073741872","9"
"BSEffectShaderProperty|Default|SPF1=2684354754|SPF2=1073741840","9"
"BSLightingShaderProperty|Default|SPF1=2151678465|SPF2=2097153","8"
"BSEffectShaderProperty|Default|SPF1=2147483776|SPF2=ZBuffer_Write","8"
"BSLightingShaderProperty|EnvironmentMap|SPF1=2353004681|SPF2=33","8"
"BSEffectShaderProperty|Default|SPF1=2684354752|SPF2=1073741968","8"
"BSLightingShaderProperty|GlowShader|SPF1=2151678473|SPF2=33554545","8"
"BSEffectShaderProperty|Default|SPF1=3221225488|SPF2=49","8"
"BSLightingShaderProperty|Default|SPF1=2353005312|SPF2=33","8"
"BSLightingShaderProperty|Default|SPF1=2353004563|SPF2=Anisotropic_Lighting","8"
"BSEffectShaderProperty|Default|SPF1=2684354640|SPF2=1073741872","8"
"BSLightingShaderProperty|Default|SPF1=2353004544|SPF2=33","8"
"BSLightingShaderProperty|EnvironmentMap|SPF1=2353004681|SPF2=41","8"
"BSEffectShaderProperty|Default|SPF1=2147483736|SPF2=48","8"
"BSLightingShaderProperty|EnvironmentMap|SPF1=2353004675|SPF2=169","8"
"BSLightingShaderProperty|Default|SPF1=2151678473|SPF2=67108897","8"
"BSLightingShaderProperty|Default|SPF1=2353005059|SPF2=129","8"
"BSLightingShaderProperty|Default|SPF1=2151678489|SPF2=161","8"
"BSLightingShaderProperty|Default|SPF1=2353005313|SPF2=ZBuffer_Write","8"
"BSLightingShaderProperty|Default|SPF1=2353005064|SPF2=41","8"
"BSLightingShaderProperty|Default|SPF1=2151678472|SPF2=570425393","8"
"BSLightingShaderProperty|EnvironmentMap|SPF1=2353004673|SPF2=33","8"
"BSEffectShaderProperty|Default|SPF1=2684354608|SPF2=1073741840","8"
"BSLightingShaderProperty|Default|SPF1=2151678472|SPF2=33554481","8"
"BSLightingShaderProperty|EnvironmentMap|SPF1=2151678593|SPF2=0","7"
"BSLightingShaderProperty|Default|SPF1=2151678483|SPF2=145","7"
"BSEffectShaderProperty|Default|SPF1=2147483728|SPF2=0","7"
"BSEffectShaderProperty|Default|SPF1=3758096400|SPF2=1073741872","7"
"BSLightingShaderProperty|EnvironmentMap|SPF1=2151678609|SPF2=67109025","7"
"BSEffectShaderProperty|Default|SPF1=0|SPF2=0","7"
"BSLightingShaderProperty|Default|SPF1=2151677961|SPF2=129","7"
"BSEffectShaderProperty|Default|SPF1=2684354568|SPF2=1073741872","7"
"BSEffectShaderProperty|Default|SPF1=3221225584|SPF2=48","7"
"BSLightingShaderProperty|Default|SPF1=2151678472|SPF2=536870961","7"
"BSLightingShaderProperty|EnvironmentMap|SPF1=2353005185|SPF2=161","7"
"BSLightingShaderProperty|Default|SPF1=2151678473|SPF2=570425393","7"
"BSEffectShaderProperty|Default|SPF1=2147483664|SPF2=176","7"
"BSEffectShaderProperty|Default|SPF1=2147483704|SPF2=Vertex_Colors","7"
"BSLightingShaderProperty|EnvironmentMap|SPF1=2353005193|SPF2=169","7"
"BSLightingShaderProperty|EnvironmentMap|SPF1=2151744129|SPF2=ZBuffer_Write","7"
"BSLightingShaderProperty|Default|SPF1=2353004544|SPF2=57","7"
"BSLightingShaderProperty|EnvironmentMap|SPF1=2151678601|SPF2=ZBuffer_Write","7"
"BSLightingShaderProperty|Default|SPF1=2353004801|SPF2=41","7"
"BSLightingShaderProperty|EnvironmentMap|SPF1=2151678601|SPF2=161","7"
"BSEffectShaderProperty|Default|SPF1=2684354754|SPF2=1073741968","7"
"BSLightingShaderProperty|EnvironmentMap|SPF1=2688549521|SPF2=33","7"
"BSLightingShaderProperty|Default|SPF1=2353004545|SPF2=134217761","7"
"BSLightingShaderProperty|EnvironmentMap|SPF1=2151678593|SPF2=67109025","7"
"BSEffectShaderProperty|Default|SPF1=3221225472|SPF2=Double_Sided","7"
"BSLightingShaderProperty|Default|SPF1=2152202753|SPF2=33","7"
"BSEffectShaderProperty|Default|SPF1=2147483712|SPF2=Double_Sided","7"
"BSLightingShaderProperty|Default|SPF1=2151776777|SPF2=33","7"
"BSLightingShaderProperty|Default|SPF1=2353004563|SPF2=0","6"
"BSLightingShaderProperty|Default|SPF1=2353004561|SPF2=2097184","6"
"BSLightingShaderProperty|GlowShader|SPF1=2151678467|SPF2=113","6"
"BSLightingShaderProperty|Default|SPF1=2151677953|SPF2=17","6"
"BSEffectShaderProperty|Default|SPF1=3221225544|SPF2=Vertex_Colors","6"
"BSLightingShaderProperty|Default|SPF1=2353005321|SPF2=41","6"
"BSLightingShaderProperty|GlowShader|SPF1=2151677953|SPF2=193","6"
"BSEffectShaderProperty|Default|SPF1=2147483848|SPF2=33","6"
"BSEffectShaderProperty|Default|SPF1=3758096480|SPF2=1073741872","6"
"BSEffectShaderProperty|Default|SPF1=2684354752|SPF2=1073741856","6"
"BSEffectShaderProperty|Default|SPF1=3758096440|SPF2=1073741872","6"
"BSEffectShaderProperty|Default|SPF1=3758096386|SPF2=1073741952","6"
"BSLightingShaderProperty|GlowShader|SPF1=2151677953|SPF2=65","6"
"BSLightingShaderProperty|Default|SPF1=2353005059|SPF2=No_Fade","6"
"BSEffectShaderProperty|Default|SPF1=2684354690|SPF2=1073741984","6"
"BSEffectShaderProperty|Default|SPF1=3758096384|SPF2=1073741872","6"
"BSLightingShaderProperty|Default|SPF1=2353004801|SPF2=9","6"
"BSEffectShaderProperty|Default|SPF1=3758096496|SPF2=1073741856","6"
"BSEffectShaderProperty|Default|SPF1=3221225584|SPF2=0","6"
"BSLightingShaderProperty|GlowShader|SPF1=2151678208|SPF2=65","6"
"BSEffectShaderProperty|Default|SPF1=3221225520|SPF2=40","6"
"BSEffectShaderProperty|Default|SPF1=3221225560|SPF2=Vertex_Colors","6"
"BSEffectShaderProperty|Default|SPF1=ZBuffer_Test|SPF2=160","6"
"BSLightingShaderProperty|Default|SPF1=2151711235|SPF2=161","6"
"BSEffectShaderProperty|Default|SPF1=3221225536|SPF2=Double_Sided","6"
"BSLightingShaderProperty|Default|SPF1=2353005065|SPF2=67108897","6"
"BSLightingShaderProperty|EnvironmentMap|SPF1=2151678081|SPF2=129","6"
"BSLightingShaderProperty|Default|SPF1=2353004553|SPF2=161","6"
"BSLightingShaderProperty|EnvironmentMap|SPF1=2151678611|SPF2=177","5"
"BSEffectShaderProperty|Default|SPF1=ZBuffer_Test|SPF2=129","5"
"BSLightingShaderProperty|GlowShader|SPF1=2151677953|SPF2=97","5"
"BSEffectShaderProperty|Default|SPF1=2684354736|SPF2=Effect_Lighting","5"
"BSLightingShaderProperty|Default|SPF1=2353004545|SPF2=57","5"
"BSEffectShaderProperty|Default|SPF1=2684354688|SPF2=1073741825","5"
"BSEffectShaderProperty|Default|SPF1=2684354696|SPF2=1073741856","5"
"BSEffectShaderProperty|Default|SPF1=2684354562|SPF2=Effect_Lighting","5"
"BSLightingShaderProperty|Default|SPF1=2353005057|SPF2=67108873","5"
"BSLightingShaderProperty|Default|SPF1=2152202761|SPF2=536870961","5"
"BSLightingShaderProperty|Default|SPF1=2151678217|SPF2=536870961","5"
"BSEffectShaderProperty|Default|SPF1=3758096480|SPF2=1073741856","5"
"BSEffectShaderProperty|Default|SPF1=2684354752|SPF2=1073741952","5"
"BSEffectShaderProperty|Default|SPF1=3758096514|SPF2=1073741856","5"
"BSLightingShaderProperty|EnvironmentMap|SPF1=205521027|SPF2=33","5"
"BSLightingShaderProperty|GlowShader|SPF1=2151677952|SPF2=65","5"
"BSLightingShaderProperty|Default|SPF1=2353004547|SPF2=160","5"
"BSEffectShaderProperty|Default|SPF1=2147483744|SPF2=48","5"
"BSEffectShaderProperty|Default|SPF1=2147483768|SPF2=48","5"
"BSEffectShaderProperty|Default|SPF1=3221225824|SPF2=Vertex_Colors","5"
"BSLightingShaderProperty|GlowShader|SPF1=2688549376|SPF2=65","5"
"BSEffectShaderProperty|Default|SPF1=3221225536|SPF2=0","5"
"BSLightingShaderProperty|HairTint|SPF1=2151678489|SPF2=33","5"
"BSEffectShaderProperty|Default|SPF1=2147483720|SPF2=33","5"
"BSLightingShaderProperty|Default|SPF1=2151678473|SPF2=67108913","5"
"BSEffectShaderProperty|Default|SPF1=3221225488|SPF2=56","5"
"BSEffectShaderProperty|Default|SPF1=ZBuffer_Test|SPF2=161","5"
"BSLightingShaderProperty|Default|SPF1=2151678465|SPF2=35651617","5"
"BSLightingShaderProperty|Default|SPF1=2353005313|SPF2=41","5"
"BSEffectShaderProperty|Default|SPF1=2147483680|SPF2=48","4"
"BSLightingShaderProperty|GlowShader|SPF1=2151678467|SPF2=225","4"
"BSLightingShaderProperty|Default|SPF1=2151678467|SPF2=2097281","4"
"BSEffectShaderProperty|Default|SPF1=2147483664|SPF2=49","4"
"BSEffectShaderProperty|Default|SPF1=2684354578|SPF2=1073741953","4"
"BSEffectShaderProperty|Default|SPF1=3758162240|SPF2=1073741856","4"
"BSEffectShaderProperty|Default|SPF1=2684354688|SPF2=1073741857","4"
"BSEffectShaderProperty|Default|SPF1=2147483840|SPF2=Transform_Changed","4"
"BSEffectShaderProperty|Default|SPF1=2147483664|SPF2=0","4"
"BSLightingShaderProperty|Default|SPF1=2353102849|SPF2=40","4"
"BSEffectShaderProperty|Default|SPF1=2684354560|SPF2=1073741841","4"
"BSEffectShaderProperty|Default|SPF1=2147483744|SPF2=Vertex_Colors","4"
"BSLightingShaderProperty|GlowShader|SPF1=2151678473|SPF2=97","4"
"BSLightingShaderProperty|Default|SPF1=2353005057|SPF2=0","4"
"BSEffectShaderProperty|Default|SPF1=2147483712|SPF2=33","4"
"BSEffectShaderProperty|Default|SPF1=3221225480|SPF2=Vertex_Colors","4"
"BSLightingShaderProperty|GlowShader|SPF1=2151678467|SPF2=65","4"
"BSLightingShaderProperty|EnvironmentMap|SPF1=2151678593|SPF2=Double_Sided","4"
"BSLightingShaderProperty|SkinTint|SPF1=2153775617|SPF2=ZBuffer_Write","4"
"BSLightingShaderProperty|Default|SPF1=2353005059|SPF2=33","4"
"BSEffectShaderProperty|Default|SPF1=2684354656|SPF2=1073741856","4"
"BSLightingShaderProperty|Default|SPF1=2151678481|SPF2=2097200","4"
"BSLightingShaderProperty|GlowShader|SPF1=2151678465|SPF2=209","4"
"BSLightingShaderProperty|EnvironmentMap|SPF1=2353005193|SPF2=145","4"
"BSEffectShaderProperty|Default|SPF1=2684354752|SPF2=1073741841","4"
"BSEffectShaderProperty|Default|SPF1=2684354634|SPF2=1073741856","4"
"BSLightingShaderProperty|Default|SPF1=2151677969|SPF2=49","4"
"BSLightingShaderProperty|GlowShader|SPF1=2151678464|SPF2=113","4"
"BSLightingShaderProperty|Default|SPF1=2151678464|SPF2=161","4"
"BSLightingShaderProperty|Default|SPF1=2353005058|SPF2=137","4"
"BSLightingShaderProperty|Default|SPF1=2152202752|SPF2=17","4"
"BSLightingShaderProperty|Default|SPF1=2151711233|SPF2=161","4"
"BSEffectShaderProperty|Default|SPF1=3221225506|SPF2=0","4"
"BSEffectShaderProperty|Default|SPF1=2147483712|SPF2=160","4"
"BSEffectShaderProperty|Default|SPF1=3758096488|SPF2=1073741872","4"
"BSLightingShaderProperty|SkinTint|SPF1=2153775617|SPF2=161","4"
"BSEffectShaderProperty|Default|SPF1=2684354578|SPF2=1073741985","4"
"BSEffectShaderProperty|Default|SPF1=2684354736|SPF2=1073741840","4"
"BSLightingShaderProperty|Default|SPF1=2353005064|SPF2=33","4"
"BSEffectShaderProperty|Default|SPF1=ZBuffer_Test|SPF2=Transform_Changed","4"
"BSLightingShaderProperty|EnvironmentMap|SPF1=2353005187|SPF2=129","4"
"BSEffectShaderProperty|Default|SPF1=2684354736|SPF2=1073742000","4"
"BSEffectShaderProperty|Default|SPF1=3221225592|SPF2=48","4"
"BSEffectShaderProperty|Default|SPF1=3221225504|SPF2=33","4"
"BSEffectShaderProperty|Default|SPF1=3221225480|SPF2=48","4"
"BSLightingShaderProperty|Default|SPF1=2151678481|SPF2=17","4"
"BSLightingShaderProperty|Default|SPF1=2151776256|SPF2=Vertex_Colors","4"
"BSLightingShaderProperty|EnvironmentMap|SPF1=2151678857|SPF2=33","4"
"BSLightingShaderProperty|Default|SPF1=2151678483|SPF2=ZBuffer_Write","4"
"BSEffectShaderProperty|Default|SPF1=2348810248|SPF2=33","4"
"BSLightingShaderProperty|GlowShader|SPF1=2889875977|SPF2=97","4"
"BSEffectShaderProperty|Default|SPF1=2885681152|SPF2=1073741857","4"
"BSLightingShaderProperty|EnvironmentMap|SPF1=2353005187|SPF2=ZBuffer_Write","4"
"BSLightingShaderProperty|Default|SPF1=2353004561|SPF2=Vertex_Colors","4"
"BSEffectShaderProperty|Default|SPF1=3221225496|SPF2=48","4"
"BSLightingShaderProperty|GlowShader|SPF1=2151678464|SPF2=65","4"
"BSLightingShaderProperty|Default|SPF1=2151678466|SPF2=ZBuffer_Write","4"
"BSEffectShaderProperty|Default|SPF1=3221225792|SPF2=0","4"
"BSEffectShaderProperty|Default|SPF1=2147483792|SPF2=Vertex_Colors","4"
"BSEffectShaderProperty|Default|SPF1=ZBuffer_Test|SPF2=41","4"
"BSLightingShaderProperty|FaceTint|SPF1=2151679489|SPF2=33","4"
"BSLightingShaderProperty|Default|SPF1=2353004547|SPF2=ZBuffer_Write","4"
"BSEffectShaderProperty|Default|SPF1=2684354562|SPF2=1073741856","4"
"BSLightingShaderProperty|EnvironmentMap|SPF1=2688549521|SPF2=ZBuffer_Write","4"
"BSLightingShaderProperty|Default|SPF1=2151744001|SPF2=17","4"
"BSEffectShaderProperty|Default|SPF1=3758096464|SPF2=1073742000","3"
"BSEffectShaderProperty|Default|SPF1=3758096448|SPF2=1073741840","3"
"BSEffectShaderProperty|Default|SPF1=3422552128|SPF2=48","3"
"BSLightingShaderProperty|Default|SPF1=2353004545|SPF2=17","3"
"BSLightingShaderProperty|EnvironmentMap|SPF1=2151678089|SPF2=ZBuffer_Write","3"
"BSEffectShaderProperty|Default|SPF1=2147483712|SPF2=0","3"
"BSEffectShaderProperty|Default|SPF1=2684354576|SPF2=1073741864","3"
"BSEffectShaderProperty|Default|SPF1=2147483714|SPF2=Vertex_Colors","3"
"BSLightingShaderProperty|EnvironmentMap|SPF1=2151678851|SPF2=33","3"
"BSLightingShaderProperty|EnvironmentMap|SPF1=2151744129|SPF2=145","3"
"BSEffectShaderProperty|Default|SPF1=2147549376|SPF2=0","3"
"BSLightingShaderProperty|EnvironmentMap|SPF1=2688549523|SPF2=161","3"
"BSEffectShaderProperty|Default|SPF1=2684354690|SPF2=Effect_Lighting","3"
"BSEffectShaderProperty|Default|SPF1=3221225560|SPF2=48","3"
"BSEffectShaderProperty|Default|SPF1=2147483696|SPF2=Double_Sided","3"
"BSLightingShaderProperty|Default|SPF1=2151678473|SPF2=33554609","3"
"BSEffectShaderProperty|Default|SPF1=3221225840|SPF2=Double_Sided","3"
"BSLightingShaderProperty|Default|SPF1=2151677969|SPF2=33","3"
"BSEffectShaderProperty|Default|SPF1=3221225504|SPF2=Double_Sided","3"
"BSLightingShaderProperty|Default|SPF1=2151678209|SPF2=ZBuffer_Write","3"
"BSLightingShaderProperty|SkinTint|SPF1=2153775617|SPF2=17","3"
"BSLightingShaderProperty|Default|SPF1=2151677955|SPF2=177","3"
"BSLightingShaderProperty|GlowShader|SPF1=2688549385|SPF2=65","3"
"BSLightingShaderProperty|Default|SPF1=2151776265|SPF2=33","3"
"BSEffectShaderProperty|Default|SPF1=2684354688|SPF2=1073742000","3"
"BSLightingShaderProperty|EnvironmentMap|SPF1=2151678601|SPF2=67108897","3"
"BSLightingShaderProperty|Default|SPF1=2151682563|SPF2=ZBuffer_Write","3"
"BSEffectShaderProperty|Default|SPF1=3221225522|SPF2=48","3"
"BSEffectShaderProperty|Default|SPF1=3758096384|SPF2=Effect_Lighting","3"
"BSEffectShaderProperty|Default|SPF1=2684354706|SPF2=1073741952","3"
"BSEffectShaderProperty|Default|SPF1=2684354752|SPF2=1073741825","3"
"BSLightingShaderProperty|Default|SPF1=2151677955|SPF2=145","3"
"BSLightingShaderProperty|Default|SPF1=2151710720|SPF2=33","3"
"BSLightingShaderProperty|Default|SPF1=2353004544|SPF2=ZBuffer_Write","3"
"BSEffectShaderProperty|Default|SPF1=2147483650|SPF2=Vertex_Colors","3"
"BSLightingShaderProperty|Default|SPF1=2151710721|SPF2=48","3"
"BSEffectShaderProperty|Default|SPF1=2147483664|SPF2=Double_Sided","3"
"BSEffectShaderProperty|Default|SPF1=2684354744|SPF2=1073741856","3"
"BSLightingShaderProperty|EnvironmentMap|SPF1=2151678593|SPF2=25","3"
"BSLightingShaderProperty|Default|SPF1=2151710720|SPF2=Vertex_Colors","3"
"BSEffectShaderProperty|Default|SPF1=2684354752|SPF2=1073741984","3"
"BSEffectShaderProperty|Default|SPF1=3221225824|SPF2=0","3"
"BSEffectShaderProperty|Default|SPF1=2684354754|SPF2=1073741952","3"
"BSEffectShaderProperty|Default|SPF1=2684354576|SPF2=1073741992","3"
"BSEffectShaderProperty|Default|SPF1=2684354706|SPF2=1073741984","3"
"BSLightingShaderProperty|EnvironmentMap|SPF1=2353005187|SPF2=0","3"
"BSEffectShaderProperty|Default|SPF1=ZBuffer_Test|SPF2=176","3"
"BSLightingShaderProperty|Default|SPF1=2151677955|SPF2=129","3"
"BSLightingShaderProperty|Default|SPF1=2151677968|SPF2=33","3"
"BSLightingShaderProperty|Default|SPF1=2353005313|SPF2=9","3"
"BSLightingShaderProperty|Default|SPF1=2151710720|SPF2=57","3"
"BSEffectShaderProperty|Default|SPF1=3758096416|SPF2=1073741840","3"
"BSEffectShaderProperty|Default|SPF1=2147483680|SPF2=Vertex_Colors","3"
"BSLightingShaderProperty|Default|SPF1=2151776256|SPF2=48","3"
"BSEffectShaderProperty|Default|SPF1=2684354578|SPF2=1073741952","3"
"BSEffectShaderProperty|Default|SPF1=2684354760|SPF2=1073741856","3"
"BSLightingShaderProperty|EnvironmentMap|SPF1=2688549523|SPF2=33","3"
"BSEffectShaderProperty|Default|SPF1=2147484000|SPF2=48","3"
"BSEffectShaderProperty|Default|SPF1=2147483704|SPF2=48","3"
"BSLightingShaderProperty|Default|SPF1=2151678475|SPF2=33","3"
"BSEffectShaderProperty|Default|SPF1=2684354680|SPF2=1073741872","3"
"BSEffectShaderProperty|Default|SPF1=2147483776|SPF2=Double_Sided","3"
"BSLightingShaderProperty|Default|SPF1=2151678472|SPF2=ZBuffer_Write","3"
"BSEffectShaderProperty|Default|SPF1=2147483664|SPF2=161","3"
"BSLightingShaderProperty|Default|SPF1=2152202753|SPF2=145","2"
"BSLightingShaderProperty|EnvironmentMap|SPF1=2151744129|SPF2=17","2"
"BSLightingShaderProperty|Default|SPF1=2151710721|SPF2=49","2"
"BSLightingShaderProperty|Default|SPF1=2688549377|SPF2=129","2"
"BSLightingShaderProperty|EnvironmentMap|SPF1=2151678848|SPF2=ZBuffer_Write","2"
"BSLightingShaderProperty|Default|SPF1=2151710720|SPF2=41","2"
"BSLightingShaderProperty|Default|SPF1=2151678465|SPF2=Transform_Changed","2"
"BSEffectShaderProperty|Default|SPF1=3221225848|SPF2=48","2"
"BSLightingShaderProperty|HairTint|SPF1=2353267203|SPF2=2097201","2"
"BSLightingShaderProperty|EnvironmentMap|SPF1=2151678851|SPF2=ZBuffer_Write","2"
"BSLightingShaderProperty|Default|SPF1=2353005058|SPF2=ZBuffer_Write","2"
"BSLightingShaderProperty|Default|SPF1=2152202761|SPF2=570425393","2"
"BSLightingShaderProperty|EnvironmentMap|SPF1=205521035|SPF2=33","2"
"BSLightingShaderProperty|Default|SPF1=2151678208|SPF2=33","2"
"BSEffectShaderProperty|Default|SPF1=3221225472|SPF2=33","2"
"BSLightingShaderProperty|GlowShader|SPF1=2151744001|SPF2=65","2"
"BSEffectShaderProperty|Default|SPF1=2348810242|SPF2=Vertex_Colors","2"
"BSEffectShaderProperty|Default|SPF1=2147484000|SPF2=Vertex_Colors","2"
"BSEffectShaderProperty|Default|SPF1=ZBuffer_Test|SPF2=40","2"
"BSEffectShaderProperty|Default|SPF1=3758096496|SPF2=1073741857","2"
"BSEffectShaderProperty|Default|SPF1=2147483808|SPF2=33","2"
"BSLightingShaderProperty|Default|SPF1=2151677955|SPF2=161","2"
"BSEffectShaderProperty|Default|SPF1=2684354626|SPF2=1073741952","2"
"BSLightingShaderProperty|EnvironmentMap|SPF1=2353004674|SPF2=49","2"
"BSLightingShaderProperty|Default|SPF1=2151678483|SPF2=2097200","2"
"BSEffectShaderProperty|Default|SPF1=2684354568|SPF2=1073741856","2"
"BSEffectShaderProperty|Default|SPF1=3221225520|SPF2=0","2"
"BSLightingShaderProperty|Default|SPF1=2151677953|SPF2=536870961","2"
"BSLightingShaderProperty|GlowShader|SPF1=2151744001|SPF2=193","2"
"BSLightingShaderProperty|Default|SPF1=2353005313|SPF2=67108905","2"
"BSEffectShaderProperty|Default|SPF1=3758096498|SPF2=1073741857","2"
"BSEffectShaderProperty|Default|SPF1=2684354626|SPF2=1073741840","2"
"BSEffectShaderProperty|Default|SPF1=2684354690|SPF2=1073741968","2"
"BSEffectShaderProperty|Default|SPF1=2147483712|SPF2=Transform_Changed","2"
"BSEffectShaderProperty|Default|SPF1=2147483672|SPF2=Double_Sided","2"
"BSEffectShaderProperty|Default|SPF1=2684354570|SPF2=1073741856","2"
"BSLightingShaderProperty|Default|SPF1=2353005056|SPF2=57","2"
"BSEffectShaderProperty|Default|SPF1=3758096474|SPF2=1073741872","2"
"BSLightingShaderProperty|Default|SPF1=2353004544|SPF2=17","2"
"BSLightingShaderProperty|Default|SPF1=2152202753|SPF2=33554465","2"
"BSEffectShaderProperty|Default|SPF1=1610612848|SPF2=1073741873","2"
"BSLightingShaderProperty|EnvironmentMap|SPF1=2353005185|SPF2=33","2"
"BSLightingShaderProperty|Default|SPF1=4194320|SPF2=33","2"
"BSLightingShaderProperty|HairTint|SPF1=2151678489|SPF2=48","2"
"BSLightingShaderProperty|EnvironmentMap|SPF1=2151678592|SPF2=33","2"
"BSEffectShaderProperty|Default|SPF1=2684354562|SPF2=1073741984","2"
"BSEffectShaderProperty|Default|SPF1=2147483658|SPF2=Vertex_Colors","2"
"BSLightingShaderProperty|FaceTint|SPF1=2151683841|SPF2=100663329","2"
"BSLightingShaderProperty|Default|SPF1=2151711496|SPF2=48","2"
"BSLightingShaderProperty|Default|SPF1=2353005056|SPF2=169","2"
"BSEffectShaderProperty|Default|SPF1=2147483658|SPF2=160","2"
"BSLightingShaderProperty|EnvironmentMap|SPF1=2151744129|SPF2=129","2"
"BSEffectShaderProperty|Default|SPF1=2348810240|SPF2=40","2"
"BSLightingShaderProperty|Default|SPF1=2151678722|SPF2=ZBuffer_Write","2"
"BSEffectShaderProperty|Default|SPF1=2348810256|SPF2=40","2"
"BSLightingShaderProperty|Default|SPF1=2353004545|SPF2=137","2"
"BSEffectShaderProperty|Default|SPF1=3221225576|SPF2=48","2"
"BSEffectShaderProperty|Default|SPF1=2147483984|SPF2=0","2"
"BSEffectShaderProperty|Default|SPF1=2684354642|SPF2=1073742000","2"
"BSEffectShaderProperty|Default|SPF1=2684354570|SPF2=1073741857","2"
"BSLightingShaderProperty|Default|SPF1=2353004547|SPF2=Vertex_Colors","2"
"BSLightingShaderProperty|EnvironmentMap|SPF1=2151678593|SPF2=2097281","2"
"BSEffectShaderProperty|Default|SPF1=2147483650|SPF2=33","2"
"BSLightingShaderProperty|GlowShader|SPF1=2151678464|SPF2=97","2"
"BSEffectShaderProperty|Default|SPF1=3758096432|SPF2=1073741857","2"
"BSEffectShaderProperty|Default|SPF1=2684354722|SPF2=1073741872","2"
"BSEffectShaderProperty|Default|SPF1=3758096434|SPF2=1073741856","2"
"BSLightingShaderProperty|Default|SPF1=2353004544|SPF2=0","2"
"BSEffectShaderProperty|Default|SPF1=3758096458|SPF2=1073741872","2"
"BSLightingShaderProperty|Default|SPF1=2151677971|SPF2=17","2"
"BSLightingShaderProperty|Default|SPF1=2353004808|SPF2=41","2"
"BSLightingShaderProperty|HairTint|SPF1=2353004569|SPF2=2097184","2"
"BSLightingShaderProperty|EnvironmentMap|SPF1=2353005187|SPF2=17","2"
"BSEffectShaderProperty|Default|SPF1=2147483842|SPF2=Vertex_Colors","2"
"BSLightingShaderProperty|Default|SPF1=2151678721|SPF2=67108865","2"
"BSLightingShaderProperty|EnvironmentMap|SPF1=2151678595|SPF2=2097281","2"
"BSLightingShaderProperty|Default|SPF1=2151677954|SPF2=161","2"
"BSLightingShaderProperty|GlowShader|SPF1=2151678467|SPF2=209","2"
"BSLightingShaderProperty|EnvironmentMap|SPF1=2353005441|SPF2=41","2"
"BSLightingShaderProperty|Default|SPF1=2151711233|SPF2=Vertex_Colors","2"
"BSEffectShaderProperty|Default|SPF1=3221225824|SPF2=48","2"
"BSLightingShaderProperty|Default|SPF1=2353004553|SPF2=129","2"
"BSLightingShaderProperty|HairTint|SPF1=2353267211|SPF2=2097201","2"
"BSEffectShaderProperty|Default|SPF1=2684354768|SPF2=1073741952","2"
"BSEffectShaderProperty|Default|SPF1=2684354690|SPF2=1073741840","2"
"BSLightingShaderProperty|EnvironmentMap|SPF1=2151809667|SPF2=33","2"
"BSLightingShaderProperty|Default|SPF1=2151776768|SPF2=33","2"
"BSEffectShaderProperty|Default|SPF1=3758096400|SPF2=1073741857","2"
"BSLightingShaderProperty|Default|SPF1=2151678483|SPF2=161","2"
"BSLightingShaderProperty|Default|SPF1=2151677952|SPF2=129","2"
"BSEffectShaderProperty|Default|SPF1=2684354688|SPF2=1073741984","2"
"BSLightingShaderProperty|Default|SPF1=2151678473|SPF2=41","2"
"BSEffectShaderProperty|Default|SPF1=2348810368|SPF2=33","2"
"BSEffectShaderProperty|Default|SPF1=2684354608|SPF2=Effect_Lighting","2"
"BSLightingShaderProperty|GlowShader|SPF1=2151678475|SPF2=33554545","2"
"BSEffectShaderProperty|Default|SPF1=2684354632|SPF2=1073741856","2"
"BSLightingShaderProperty|Default|SPF1=2353005321|SPF2=33","2"
"BSLightingShaderProperty|Default|SPF1=2151711233|SPF2=48","2"
"BSLightingShaderProperty|Default|SPF1=2151678465|SPF2=69206049","2"
"BSLightingShaderProperty|EnvironmentMap|SPF1=2151744129|SPF2=33","2"
"BSLightingShaderProperty|Default|SPF1=2151711241|SPF2=48","2"
"BSLightingShaderProperty|GlowShader|SPF1=2151678720|SPF2=97","2"
"BSEffectShaderProperty|Default|SPF1=2147483738|SPF2=48","2"
"BSLightingShaderProperty|GlowShader|SPF1=2688548865|SPF2=193","2"
"BSEffectShaderProperty|Default|SPF1=2684354752|SPF2=1073741953","2"
"BSLightingShaderProperty|Default|SPF1=2151678209|SPF2=33","2"
"BSLightingShaderProperty|HairTint|SPF1=2353266691|SPF2=2097185","2"
"BSLightingShaderProperty|HairTint|SPF1=2353004561|SPF2=2097184","2"
"BSLightingShaderProperty|Default|SPF1=2151711233|SPF2=ZBuffer_Write","2"
"BSEffectShaderProperty|Default|SPF1=2348810240|SPF2=24","2"
"BSLightingShaderProperty|Default|SPF1=2151678475|SPF2=536870961","2"
"BSEffectShaderProperty|Default|SPF1=3758096736|SPF2=1073741856","2"
"BSLightingShaderProperty|Default|SPF1=2151678481|SPF2=49","2"
"BSEffectShaderProperty|Default|SPF1=2684354784|SPF2=1073741856","2"
"BSEffectShaderProperty|Default|SPF1=3221225472|SPF2=56","2"
"BSEffectShaderProperty|Default|SPF1=3758096640|SPF2=1073741856","2"
"BSLightingShaderProperty|Default|SPF1=2151678464|SPF2=25","2"
"BSEffectShaderProperty|Default|SPF1=2147483656|SPF2=161","2"
"BSLightingShaderProperty|Default|SPF1=2151678728|SPF2=ZBuffer_Write","2"
"BSLightingShaderProperty|Default|SPF1=2151776256|SPF2=49","2"
"BSLightingShaderProperty|Default|SPF1=2353005057|SPF2=25","2"
"BSEffectShaderProperty|Default|SPF1=2684354616|SPF2=1073741872","2"
"BSLightingShaderProperty|Default|SPF1=2151677954|SPF2=17","2"
"BSEffectShaderProperty|Default|SPF1=2684354752|SPF2=1073741969","2"
"BSEffectShaderProperty|Default|SPF1=2147483824|SPF2=48","2"
"BSEffectShaderProperty|Default|SPF1=0|SPF2=ZBuffer_Write","2"
"BSLightingShaderProperty|Default|SPF1=2151678483|SPF2=129","2"
"BSLightingShaderProperty|Default|SPF1=2151678721|SPF2=536870961","2"
"BSLightingShaderProperty|Default|SPF1=2353005059|SPF2=41","2"
"BSLightingShaderProperty|Default|SPF1=2151678728|SPF2=41","2"
"BSEffectShaderProperty|Default|SPF1=3758096384|SPF2=1073741857","1"
"BSLightingShaderProperty|Default|SPF1=2889875968|SPF2=40","1"
"BSLightingShaderProperty|Default|SPF1=2151678466|SPF2=33","1"
"BSLightingShaderProperty|Default|SPF1=2151678465|SPF2=67108993","1"
"BSLightingShaderProperty|EnvironmentMap|SPF1=2151678849|SPF2=49","1"
"BSLightingShaderProperty|Default|SPF1=2151678465|SPF2=33554609","1"
"BSLightingShaderProperty|Default|SPF1=2151678466|SPF2=17","1"
"BSEffectShaderProperty|Default|SPF1=2348810240|SPF2=Vertex_Colors","1"
"BSLightingShaderProperty|Default|SPF1=2353005059|SPF2=Vertex_Colors","1"
"BSEffectShaderProperty|Default|SPF1=3221225528|SPF2=48","1"
"BSEffectShaderProperty|Default|SPF1=2147483778|SPF2=Vertex_Colors","1"
"BSEffectShaderProperty|Default|SPF1=3758096464|SPF2=1073741840","1"
"BSEffectShaderProperty|Default|SPF1=2684354656|SPF2=1073741825","1"
"BSLightingShaderProperty|Default|SPF1=2151776776|SPF2=33","1"
"BSLightingShaderProperty|GlowShader|SPF1=2151677953|SPF2=225","1"
"BSLightingShaderProperty|EnvironmentMap|SPF1=2151678595|SPF2=33554433","1"
"BSLightingShaderProperty|Default|SPF1=2151678464|SPF2=41","1"
"BSEffectShaderProperty|Default|SPF1=3221225552|SPF2=176","1"
"BSEffectShaderProperty|Default|SPF1=3221225546|SPF2=160","1"
"BSEffectShaderProperty|Default|SPF1=External_Emittance|SPF2=1073741856","1"
"BSLightingShaderProperty|Default|SPF1=2151678464|SPF2=33554481","1"
"BSEffectShaderProperty|Default|SPF1=2684354576|SPF2=1073741872","1"
"BSLightingShaderProperty|GlowShader|SPF1=2688548864|SPF2=97","1"
"BSLightingShaderProperty|Default|SPF1=2151678465|SPF2=69206017","1"
"BSEffectShaderProperty|Default|SPF1=2147483856|SPF2=0","1"
"BSLightingShaderProperty|Default|SPF1=2151711243|SPF2=49","1"
"BSLightingShaderProperty|Default|SPF1=2353004544|SPF2=185","1"
"BSLightingShaderProperty|Default|SPF1=2353004544|SPF2=129","1"
"BSLightingShaderProperty|Default|SPF1=2151776257|SPF2=ZBuffer_Write","1"
"BSEffectShaderProperty|Default|SPF1=2348810250|SPF2=33","1"
"BSEffectShaderProperty|Default|SPF1=2684354578|SPF2=1073741856","1"
"BSEffectShaderProperty|Default|SPF1=ZBuffer_Test|SPF2=145","1"
"BSLightingShaderProperty|EnvironmentMap|SPF1=2151678593|SPF2=48","1"
"BSEffectShaderProperty|Default|SPF1=2147483968|SPF2=33","1"
"BSEffectShaderProperty|Default|SPF1=3758096400|SPF2=1073741984","1"
"BSLightingShaderProperty|Default|SPF1=2353005056|SPF2=Vertex_Colors","1"
"BSEffectShaderProperty|Default|SPF1=3221225480|SPF2=33","1"
"BSEffectShaderProperty|Default|SPF1=2147484000|SPF2=0","1"
"BSEffectShaderProperty|Default|SPF1=3221225480|SPF2=40","1"
"BSLightingShaderProperty|Default|SPF1=2152202753|SPF2=129","1"
"BSEffectShaderProperty|Default|SPF1=2147483760|SPF2=33","1"
"BSEffectShaderProperty|Default|SPF1=2147483840|SPF2=Double_Sided","1"
"BSLightingShaderProperty|HairTint|SPF1=2353266699|SPF2=2097185","1"
"BSLightingShaderProperty|Default|SPF1=2353004809|SPF2=41","1"
"BSLightingShaderProperty|Default|SPF1=2353004555|SPF2=57","1"
"BSEffectShaderProperty|Default|SPF1=3758096400|SPF2=Effect_Lighting","1"
"BSEffectShaderProperty|Default|SPF1=2684354576|SPF2=1073741984","1"
"BSEffectShaderProperty|Default|SPF1=2684354570|SPF2=1073741984","1"
"BSLightingShaderProperty|Default|SPF1=2151678465|SPF2=134217761","1"
"BSLightingShaderProperty|EnvironmentMap|SPF1=2151678601|SPF2=67109025","1"
"BSLightingShaderProperty|EnvironmentMap|SPF1=2151678080|SPF2=161","1"
"BSEffectShaderProperty|Default|SPF1=2147483696|SPF2=49","1"
"BSEffectShaderProperty|Default|SPF1=3758096384|SPF2=1073741825","1"
"BSEffectShaderProperty|Default|SPF1=2684354744|SPF2=1073741872","1"
"BSLightingShaderProperty|Default|SPF1=2353004544|SPF2=169","1"
"BSEffectShaderProperty|Default|SPF1=2684420288|SPF2=1073741856","1"
"BSLightingShaderProperty|EyeEnvmap|SPF1=2151678593|SPF2=35651585","1"
"BSEffectShaderProperty|Default|SPF1=2684354624|SPF2=1073741873","1"
"BSEffectShaderProperty|Default|SPF1=2684354768|SPF2=Effect_Lighting","1"
"BSEffectShaderProperty|Default|SPF1=2684354688|SPF2=1073741968","1"
"BSEffectShaderProperty|Default|SPF1=2147483680|SPF2=0","1"
"BSEffectShaderProperty|Default|SPF1=2684354706|SPF2=Effect_Lighting","1"
"BSLightingShaderProperty|Default|SPF1=2353004547|SPF2=185","1"
"BSEffectShaderProperty|Default|SPF1=3758096432|SPF2=Effect_Lighting","1"
"BSLightingShaderProperty|Default|SPF1=2151678464|SPF2=177","1"
"BSLightingShaderProperty|GlowShader|SPF1=2151678465|SPF2=67109057","1"
"BSLightingShaderProperty|Default|SPF1=2151776265|SPF2=41","1"
"BSLightingShaderProperty|Default|SPF1=2151678729|SPF2=536870961","1"
"BSLightingShaderProperty|Default|SPF1=2152202753|SPF2=49","1"
"BSLightingShaderProperty|Default|SPF1=2152727041|SPF2=33","1"
"BSLightingShaderProperty|Default|SPF1=2353005067|SPF2=33","1"
"BSEffectShaderProperty|Default|SPF1=2147483688|SPF2=Vertex_Colors","1"
"BSLightingShaderProperty|EnvironmentMap|SPF1=2151678083|SPF2=177","1"
"BSLightingShaderProperty|Default|SPF1=2353004544|SPF2=160","1"
"BSEffectShaderProperty|Default|SPF1=2684354560|SPF2=1073741825","1"
"BSEffectShaderProperty|Default|SPF1=2348810280|SPF2=Vertex_Colors","1"
"BSLightingShaderProperty|Default|SPF1=2151776264|SPF2=33","1"
"BSEffectShaderProperty|Default|SPF1=2684354632|SPF2=1073741872","1"
"BSLightingShaderProperty|Default|SPF1=2353004545|SPF2=67109025","1"
"BSLightingShaderProperty|Default|SPF1=2151678721|SPF2=69206049","1"
"BSLightingShaderProperty|Default|SPF1=2151682561|SPF2=ZBuffer_Write","1"
"BSLightingShaderProperty|Default|SPF1=2353004544|SPF2=137","1"
"BSLightingShaderProperty|Default|SPF1=2353004544|SPF2=Transform_Changed","1"
"BSLightingShaderProperty|GlowShader|SPF1=2688549377|SPF2=67108929","1"
"BSLightingShaderProperty|Default|SPF1=2151711233|SPF2=17","1"
"BSLightingShaderProperty|Default|SPF1=2353005056|SPF2=49","1"
"BSLightingShaderProperty|Default|SPF1=2151677955|SPF2=ZBuffer_Write","1"
"BSLightingShaderProperty|Default|SPF1=2353004547|SPF2=40","1"
"BSLightingShaderProperty|EnvironmentMap|SPF1=2688549505|SPF2=33","1"
"BSEffectShaderProperty|Default|SPF1=Skinned|SPF2=129","1"
"BSEffectShaderProperty|Default|SPF1=2147483792|SPF2=33","1"
"BSEffectShaderProperty|Default|SPF1=2147483800|SPF2=33","1"
"BSLightingShaderProperty|GlowShader|SPF1=2151678473|SPF2=67108961","1"
"BSLightingShaderProperty|EnvironmentMap|SPF1=2151678593|SPF2=33554433","1"
"BSEffectShaderProperty|Default|SPF1=3221225536|SPF2=176","1"
"BSLightingShaderProperty|HairTint|SPF1=2151678481|SPF2=48","1"
"BSEffectShaderProperty|Default|SPF1=2684354704|SPF2=Effect_Lighting","1"
"BSEffectShaderProperty|Default|SPF1=2684354754|SPF2=1073741873","1"
"BSEffectShaderProperty|Default|SPF1=3758096576|SPF2=1073741968","1"
"BSLightingShaderProperty|EnvironmentMap|SPF1=2151678601|SPF2=67108865","1"
"BSEffectShaderProperty|Default|SPF1=3221225552|SPF2=49","1"
"BSLightingShaderProperty|Default|SPF1=2353005056|SPF2=0","1"
"BSLightingShaderProperty|EnvironmentMap|SPF1=2151678603|SPF2=49","1"
"BSEffectShaderProperty|Default|SPF1=2684354602|SPF2=1073741872","1"
"BSLightingShaderProperty|HairTint|SPF1=2353267211|SPF2=2097185","1"
"BSLightingShaderProperty|Default|SPF1=2151678472|SPF2=161","1"
"BSLightingShaderProperty|Default|SPF1=2151682563|SPF2=67108865","1"
"BSLightingShaderProperty|Default|SPF1=2151710720|SPF2=49","1"
"BSLightingShaderProperty|Default|SPF1=2151678465|SPF2=33554433","1"
"BSEffectShaderProperty|Default|SPF1=2147483770|SPF2=176","1"
"BSEffectShaderProperty|Default|SPF1=2147483722|SPF2=176","1"
"BSEffectShaderProperty|Default|SPF1=2684354722|SPF2=1073742000","1"
"BSLightingShaderProperty|Default|SPF1=2151677953|SPF2=49","1"
"BSEffectShaderProperty|Default|SPF1=2147483728|SPF2=Vertex_Colors","1"
"BSLightingShaderProperty|FaceTint|SPF1=2151679491|SPF2=33554561","1"
"BSEffectShaderProperty|Default|SPF1=3758096392|SPF2=1073741872","1"
"BSEffectShaderProperty|Default|SPF1=2147483728|SPF2=Double_Sided","1"
"BSEffectShaderProperty|Default|SPF1=2684354640|SPF2=1073741856","1"
"BSLightingShaderProperty|Default|SPF1=2151678464|SPF2=67108865","1"
"BSLightingShaderProperty|Default|SPF1=2353004553|SPF2=67109025","1"
"BSLightingShaderProperty|EnvironmentMap|SPF1=2151678592|SPF2=129","1"
"BSLightingShaderProperty|Default|SPF1=2353004544|SPF2=161","1"
"BSLightingShaderProperty|Default|SPF1=2151677952|SPF2=161","1"
"BSEffectShaderProperty|Default|SPF1=3221225568|SPF2=Vertex_Colors","1"
"BSLightingShaderProperty|Default|SPF1=2353004547|SPF2=129","1"
"BSLightingShaderProperty|Default|SPF1=2353004554|SPF2=ZBuffer_Write","1"
"BSLightingShaderProperty|Default|SPF1=2151677961|SPF2=67109025","1"
"BSLightingShaderProperty|EnvironmentMap|SPF1=2151678849|SPF2=134217729","1"
"BSLightingShaderProperty|EnvironmentMap|SPF1=2151678857|SPF2=67108897","1"
"BSLightingShaderProperty|GlowShader|SPF1=2353005057|SPF2=65","1"
"BSEffectShaderProperty|Default|SPF1=2684354592|SPF2=1073741840","1"
"BSLightingShaderProperty|Default|SPF1=2151711235|SPF2=33","1"
"BSLightingShaderProperty|Default|SPF1=2151678475|SPF2=161","1"
"BSLightingShaderProperty|HairTint|SPF1=2353004571|SPF2=2097184","1"
"BSEffectShaderProperty|Default|SPF1=2684354688|SPF2=1073741985","1"
"BSLightingShaderProperty|EnvironmentMap|SPF1=2151678595|SPF2=2097153","1"
"BSEffectShaderProperty|Default|SPF1=2684354560|SPF2=1073741857","1"
"BSEffectShaderProperty|Default|SPF1=2147483840|SPF2=160","1"
"BSLightingShaderProperty|Default|SPF1=2151678475|SPF2=2097185","1"
"BSEffectShaderProperty|Default|SPF1=2147484016|SPF2=0","1"
"BSLightingShaderProperty|EnvironmentMap|SPF1=2151678593|SPF2=Vertex_Colors","1"
"BSEffectShaderProperty|Default|SPF1=2147483850|SPF2=48","1"
"BSLightingShaderProperty|Default|SPF1=2151711235|SPF2=49","1"
"BSLightingShaderProperty|EnvironmentMap|SPF1=2151678089|SPF2=48","1"
"BSEffectShaderProperty|Default|SPF1=2684354690|SPF2=1073741857","1"
"BSLightingShaderProperty|GlowShader|SPF1=2151678467|SPF2=97","1"
"BSLightingShaderProperty|Default|SPF1=2151677971|SPF2=33","1"
"BSEffectShaderProperty|Default|SPF1=2684354624|SPF2=1073741825","1"
"BSLightingShaderProperty|HairTint|SPF1=205783041|SPF2=2097185","1"
"BSLightingShaderProperty|Default|SPF1=2151682571|SPF2=100663297","1"
"BSEffectShaderProperty|Default|SPF1=3221225504|SPF2=56","1"
"BSEffectShaderProperty|Default|SPF1=2147483672|SPF2=48","1"
"BSEffectShaderProperty|Default|SPF1=3221225490|SPF2=48","1"
"BSEffectShaderProperty|Default|SPF1=2684354768|SPF2=1073741856","1"
"BSLightingShaderProperty|Default|SPF1=2151678466|SPF2=161","1"
"BSLightingShaderProperty|HairTint|SPF1=2151940611|SPF2=2097201","1"
"BSLightingShaderProperty|EnvironmentMap|SPF1=2151678849|SPF2=67108897","1"
"BSLightingShaderProperty|Default|SPF1=2353004552|SPF2=169","1"
"BSEffectShaderProperty|Default|SPF1=2147483698|SPF2=160","1"
"BSEffectShaderProperty|Default|SPF1=74|SPF2=161","1"
"BSLightingShaderProperty|Default|SPF1=2353004546|SPF2=4194481","1"
"BSLightingShaderProperty|Default|SPF1=2353005065|SPF2=177","1"
"BSEffectShaderProperty|Default|SPF1=2147483656|SPF2=0","1"
"BSLightingShaderProperty|SkinTint|SPF1=2153775619|SPF2=145","1"
"BSEffectShaderProperty|Default|SPF1=2151677960|SPF2=33","1"
"BSEffectShaderProperty|Default|SPF1=2348810240|SPF2=56","1"
"BSEffectShaderProperty|Default|SPF1=2684420480|SPF2=1073741840","1"
"BSEffectShaderProperty|Default|SPF1=2684354760|SPF2=1073741872","1"
"BSLightingShaderProperty|EnvironmentMap|SPF1=2353037441|SPF2=41","1"
"BSEffectShaderProperty|Default|SPF1=2684354626|SPF2=1073741872","1"
"BSLightingShaderProperty|EnvironmentMap|SPF1=2353005449|SPF2=33","1"
"BSLightingShaderProperty|Default|SPF1=2151678465|SPF2=41","1"
"BSEffectShaderProperty|Default|SPF1=2684420544|SPF2=1073741856","1"
"BSLightingShaderProperty|Default|SPF1=2151711241|SPF2=33","1"
"BSLightingShaderProperty|EnvironmentMap|SPF1=2151678083|SPF2=ZBuffer_Write","1"
"BSLightingShaderProperty|Default|SPF1=2151682571|SPF2=67108865","1"
"BSLightingShaderProperty|Default|SPF1=2151710728|SPF2=48","1"
"BSLightingShaderProperty|Default|SPF1=2151682563|SPF2=67108897","1"
"BSLightingShaderProperty|Default|SPF1=2151678489|SPF2=ZBuffer_Write","1"
"BSLightingShaderProperty|Default|SPF1=2151677961|SPF2=536870961","1"
"BSEffectShaderProperty|Default|SPF1=2348810248|SPF2=56","1"
"BSLightingShaderProperty|EnvironmentMap|SPF1=2151678594|SPF2=ZBuffer_Write","1"
"BSLightingShaderProperty|EnvironmentMap|SPF1=2151678848|SPF2=33","1"
"BSLightingShaderProperty|Default|SPF1=2151711232|SPF2=Vertex_Colors","1"
"BSEffectShaderProperty|Default|SPF1=3758096432|SPF2=1073741840","1"
"BSLightingShaderProperty|EyeEnvmap|SPF1=2151678593|SPF2=ZBuffer_Write","1"
"BSEffectShaderProperty|Default|SPF1=2684354754|SPF2=1073741969","1"
"BSLightingShaderProperty|EnvironmentMap|SPF1=2151678851|SPF2=67108865","1"
"BSLightingShaderProperty|Default|SPF1=2151710729|SPF2=48","1"
"BSLightingShaderProperty|Default|SPF1=2151678465|SPF2=35651585","1"
"BSEffectShaderProperty|Default|SPF1=2147483688|SPF2=48","1"
"BSEffectShaderProperty|Default|SPF1=2684354754|SPF2=1073741825","1"
"BSLightingShaderProperty|Default|SPF1=2151711240|SPF2=48","1"
"BSLightingShaderProperty|EnvironmentMap|SPF1=2151678592|SPF2=49","1"
"BSEffectShaderProperty|Default|SPF1=2684354800|SPF2=1073741872","1"
"BSEffectShaderProperty|Default|SPF1=3221225840|SPF2=Vertex_Colors","1"
"BSLightingShaderProperty|Default|SPF1=2353005064|SPF2=ZBuffer_Write","1"
"BSLightingShaderProperty|Default|SPF1=2151678472|SPF2=49","1"
"BSLightingShaderProperty|FaceTint|SPF1=2151679489|SPF2=161","1"
"BSEffectShaderProperty|Default|SPF1=2147483650|SPF2=176","1"
"BSLightingShaderProperty|Default|SPF1=2353004800|SPF2=41","1"
"BSLightingShaderProperty|EnvironmentMap|SPF1=2353005193|SPF2=67109041","1"
"BSLightingShaderProperty|EnvironmentMap|SPF1=2151682691|SPF2=ZBuffer_Write","1"
"BSEffectShaderProperty|Default|SPF1=2348810240|SPF2=161","1"
"BSEffectShaderProperty|Default|SPF1=2348810240|SPF2=176","1"
"BSLightingShaderProperty|Default|SPF1=2151678475|SPF2=ZBuffer_Write","1"
"BSLightingShaderProperty|EnvironmentMap|SPF1=2353005193|SPF2=67108913","1"
"BSEffectShaderProperty|Default|SPF1=2348810248|SPF2=48","1"
"BSLightingShaderProperty|EnvironmentMap|SPF1=2151678593|SPF2=Transform_Changed","1"
"BSLightingShaderProperty|EnvironmentMap|SPF1=2151678609|SPF2=177","1"
"BSLightingShaderProperty|Default|SPF1=2151682818|SPF2=ZBuffer_Write","1"
"BSEffectShaderProperty|Default|SPF1=3221225552|SPF2=Double_Sided","1"
"BSEffectShaderProperty|Default|SPF1=3758096416|SPF2=1073741873","1"
"BSLightingShaderProperty|EnvironmentMap|SPF1=2353004673|SPF2=17","1"
"BSEffectShaderProperty|Default|SPF1=2147483666|SPF2=160","1"
"BSLightingShaderProperty|Default|SPF1=2151678720|SPF2=129","1"
"BSLightingShaderProperty|Default|SPF1=2152202753|SPF2=570425393","1"
"BSEffectShaderProperty|Default|SPF1=3221225528|SPF2=Vertex_Colors","1"
"BSLightingShaderProperty|EnvironmentMap|SPF1=2151678849|SPF2=161","1"
"BSLightingShaderProperty|Default|SPF1=2353005056|SPF2=25","1"
"BSEffectShaderProperty|Default|SPF1=2147483714|SPF2=ZBuffer_Write","1"
"BSLightingShaderProperty|GlowShader|SPF1=2151678464|SPF2=193","1"
"BSLightingShaderProperty|GlowShader|SPF1=2688549393|SPF2=65","1"
"BSLightingShaderProperty|GlowShader|SPF1=2688549387|SPF2=113","1"
"BSLightingShaderProperty|EnvironmentMap|SPF1=2353004675|SPF2=40","1"
"BSLightingShaderProperty|Default|SPF1=2353004546|SPF2=ZBuffer_Write","1"
"BSEffectShaderProperty|Default|SPF1=3221225840|SPF2=0","1"
"BSLightingShaderProperty|Default|SPF1=2152202754|SPF2=17","1"
"BSEffectShaderProperty|Default|SPF1=2684355008|SPF2=1073741856","1"
"BSLightingShaderProperty|Default|SPF1=2152202753|SPF2=536871089","1"
"BSLightingShaderProperty|EnvironmentMap|SPF1=2151678595|SPF2=67108865","1"
"BSLightingShaderProperty|Default|SPF1=2353005058|SPF2=33554481","1"
"BSLightingShaderProperty|Default|SPF1=2151678465|SPF2=57","1"
"BSLightingShaderProperty|GlowShader|SPF1=2688549395|SPF2=97","1"
"BSEffectShaderProperty|Default|SPF1=2147483776|SPF2=161","1"
"BSLightingShaderProperty|EnvironmentMap|SPF1=2688549523|SPF2=ZBuffer_Write","1"
"BSLightingShaderProperty|Default|SPF1=2151677954|SPF2=33","1"
"BSLightingShaderProperty|GlowShader|SPF1=2151677954|SPF2=225","1"
"BSEffectShaderProperty|Default|SPF1=2684354690|SPF2=1073741856","1"
